{
  "contentVersion": "1.0.0.0",
  "parameters": {
    "workbookDisplayName": {
      "type": "string",
      "defaultValue": "Azure AD App Consent",
      "metadata": {
        "description": "The friendly name for the workbook that is used in the Gallery or Saved List.  This name must be unique within a resource group."
      }
    },
    "workbookType": {
      "type": "string",
      "defaultValue": "workbook",
      "metadata": {
        "description": "The gallery that the workbook will been shown under. Supported values include workbook, tsg, etc. Usually, this is 'workbook'"
      }
    },
    "workbookSourceId": {
      "type": "string",
      "defaultValue": "/subscriptions/ce6235e3-e4e9-421f-b8a9-def58c04fc17/resourceGroups/pid-aue-cor-arg-management/providers/Microsoft.OperationalInsights/workspaces/pid-aue-cor-law-54aa1dfd",
      "metadata": {
        "description": "The id of resource instance to which the workbook will be associated"
      }
    },
    "workbookId": {
      "type": "string",
      "defaultValue": "[newGuid()]",
      "metadata": {
        "description": "The unique guid for this workbook instance"
      }
    }
  },
  "resources": [
    {
      "name": "[parameters('workbookId')]",
      "type": "microsoft.insights/workbooks",
      "location": "[resourceGroup().location]",
      "apiVersion": "2022-04-01",
      "dependsOn": [],
      "kind": "shared",
      "properties": {
        "displayName": "[parameters('workbookDisplayName')]",
        "serializedData": "{\"version\":\"Notebook/1.0\",\"items\":[{\"type\":1,\"content\":{\"json\":\"## App Consent Audit\"},\"name\":\"Title\",\"styleSettings\":{\"margin\":\"15px 0 0 0\"}},{\"type\":9,\"content\":{\"version\":\"KqlParameterItem/1.0\",\"parameters\":[{\"id\":\"f4d0d58a-e35f-4659-a490-5da142c9a6d2\",\"version\":\"KqlParameterItem/1.0\",\"name\":\"TimeRange\",\"label\":\"Time Range\",\"type\":4,\"value\":{\"durationMs\":2592000000},\"typeSettings\":{\"selectableValues\":[{\"durationMs\":1800000},{\"durationMs\":3600000},{\"durationMs\":43200000},{\"durationMs\":86400000},{\"durationMs\":172800000},{\"durationMs\":259200000},{\"durationMs\":604800000},{\"durationMs\":1209600000},{\"durationMs\":2419200000},{\"durationMs\":2592000000},{\"durationMs\":5184000000},{\"durationMs\":7776000000}],\"allowCustom\":true}},{\"id\":\"6b6b0bb3-667f-4fb8-9911-3b7f115c89ff\",\"version\":\"KqlParameterItem/1.0\",\"name\":\"UserName\",\"label\":\"User Name\",\"type\":2,\"isRequired\":true,\"multiSelect\":true,\"quote\":\"'\",\"delimiter\":\",\",\"query\":\"AuditLogs\\r\\n| where OperationName contains \\\"Consent\\\"\\r\\n// user name \\r\\n| extend initby = parse_json(InitiatedBy) | extend userinfo1 = initby.user | extend userinfo2 = parse_json(userinfo1) \\r\\n| extend username = userinfo2.userPrincipalName\\r\\n// app name \\r\\n| extend tr = parse_json(TargetResources) | mvexpand tr | extend appname = tostring(tr.displayName)\\r\\n| extend mp = tr.modifiedProperties | mvexpand mp\\r\\n| extend actinfo = mp.displayName\\r\\n// consent and scope information \\r\\n| extend value1 = parse_json(mp) | extend val1 = value1.newValue\\r\\n| where actinfo == \\\"ConsentAction.Permissions\\\"\\r\\n| parse val1 with * \\\"ResourceId:\\\" Resourceid1 \\\", ConsentType: \\\" ConsentType \\\", Scope:\\\" Scope \\\"]\\\" * \\r\\n| extend Scope1 = split(Scope, \\\" \\\")\\r\\n| mvexpand Scope1 \\r\\n| where Scope1 != \\\"\\\"\\r\\n| project OperationName , username, appname, actinfo, Resourceid1, ConsentType, Scope1, CorrelationId \\r\\n| project username = tostring(username) \\r\\n| distinct username\\r\\n| sort by username\",\"crossComponentResources\":[],\"value\":[\"value::all\"],\"typeSettings\":{\"additionalResourceOptions\":[\"value::all\"],\"selectAllValue\":\"*\"},\"timeContext\":{\"durationMs\":0},\"timeContextFromParameter\":\"TimeRange\",\"queryType\":0,\"resourceType\":\"microsoft.operationalinsights/workspaces\"},{\"id\":\"c5bb7341-72dd-479b-b001-c58652ac709b\",\"version\":\"KqlParameterItem/1.0\",\"name\":\"AppName1\",\"label\":\"App Name\",\"type\":2,\"isRequired\":true,\"multiSelect\":true,\"quote\":\"'\",\"delimiter\":\",\",\"query\":\"(SigninLogs\\r\\n| extend corrIDTime = strcat(CorrelationId, TimeGenerated)\\r\\n| extend ConditionalAccessPolicies = tostring(ConditionalAccessPolicies)\\r\\n| extend DeviceDetail = tostring(DeviceDetail) \\r\\n| extend LocationDetails = tostring(LocationDetails) \\r\\n| extend Status = tostring(Status)\\r\\n| distinct AppDisplayName)\\r\\n| union \\r\\n\\r\\n(AuditLogs\\r\\n| where OperationName contains \\\"Consent\\\"\\r\\n// user name \\r\\n| extend initby = parse_json(InitiatedBy) | extend userinfo1 = initby.user | extend userinfo2 = parse_json(userinfo1) \\r\\n| extend username = userinfo2.userPrincipalName\\r\\n// app name \\r\\n| extend tr = parse_json(TargetResources) | mvexpand tr | extend appname = tostring(tr.displayName)\\r\\n| extend mp = tr.modifiedProperties | mvexpand mp\\r\\n| extend actinfo = mp.displayName\\r\\n// consent and scope information \\r\\n| extend value1 = parse_json(mp) | extend val1 = value1.newValue\\r\\n| where actinfo == \\\"ConsentAction.Permissions\\\"\\r\\n| parse val1 with * \\\"ResourceId:\\\" Resourceid1 \\\", ConsentType: \\\" ConsentType \\\", Scope:\\\" Scope \\\"]\\\" * \\r\\n| extend Scope1 = split(Scope, \\\" \\\")\\r\\n| mvexpand Scope1 \\r\\n| where Scope1 != \\\"\\\"\\r\\n| project AppDisplayName = appname\\r\\n| distinct AppDisplayName)\\r\\n| distinct AppDisplayName\\r\\n\\r\\n\\r\\n\",\"crossComponentResources\":[],\"value\":[\"value::all\"],\"typeSettings\":{\"additionalResourceOptions\":[\"value::all\"],\"selectAllValue\":\"*\"},\"timeContext\":{\"durationMs\":0},\"timeContextFromParameter\":\"TimeRange\",\"queryType\":0,\"resourceType\":\"microsoft.operationalinsights/workspaces\"},{\"id\":\"56de0861-b28c-4408-9c22-6612b1bad38e\",\"version\":\"KqlParameterItem/1.0\",\"name\":\"ScopeName1\",\"label\":\"Scope Name\",\"type\":2,\"isRequired\":true,\"multiSelect\":true,\"quote\":\"'\",\"delimiter\":\",\",\"query\":\"AuditLogs\\r\\n| where OperationName contains \\\"Consent\\\"\\r\\n// user name \\r\\n| extend initby = parse_json(InitiatedBy) | extend userinfo1 = initby.user | extend userinfo2 = parse_json(userinfo1) \\r\\n| extend username = userinfo2.userPrincipalName\\r\\n// app name \\r\\n| extend tr = parse_json(TargetResources) | mvexpand tr | extend appname = tostring(tr.displayName)\\r\\n| extend mp = tr.modifiedProperties | mvexpand mp\\r\\n| extend actinfo = mp.displayName\\r\\n// consent and scope information \\r\\n| extend value1 = parse_json(mp) | extend val1 = value1.newValue\\r\\n| where actinfo == \\\"ConsentAction.Permissions\\\"\\r\\n| parse val1 with * \\\"ResourceId:\\\" Resourceid1 \\\", ConsentType: \\\" ConsentType \\\", Scope:\\\" Scope \\\"]\\\" * \\r\\n| extend Scope1 = split(Scope, \\\" \\\")\\r\\n| mvexpand Scope1 \\r\\n| where Scope1 != \\\"\\\"\\r\\n| project Scope = tostring(Scope1)\\r\\n| distinct Scope\\r\\n\",\"crossComponentResources\":[],\"value\":[\"value::all\"],\"typeSettings\":{\"additionalResourceOptions\":[\"value::all\"],\"selectAllValue\":\"*\"},\"timeContext\":{\"durationMs\":0},\"timeContextFromParameter\":\"TimeRange\",\"queryType\":0,\"resourceType\":\"microsoft.operationalinsights/workspaces\"},{\"id\":\"c1dfae76-fa0a-48c4-aa22-2006c098d8a5\",\"version\":\"KqlParameterItem/1.0\",\"name\":\"API_Name1\",\"label\":\"API Name\",\"type\":2,\"isRequired\":true,\"multiSelect\":true,\"quote\":\"'\",\"delimiter\":\",\",\"query\":\"AuditLogs\\r\\n| where OperationName contains \\\"Consent\\\"\\r\\n// user name \\r\\n| extend initby = parse_json(InitiatedBy) | extend userinfo1 = initby.user | extend userinfo2 = parse_json(userinfo1) \\r\\n| extend username = userinfo2.userPrincipalName\\r\\n// app name \\r\\n| extend tr = parse_json(TargetResources) | mvexpand tr | extend appname = tostring(tr.displayName)\\r\\n| extend mp = tr.modifiedProperties | mvexpand mp\\r\\n| extend actinfo = mp.displayName\\r\\n// consent and scope information \\r\\n| extend value1 = parse_json(mp) | extend val1 = value1.newValue\\r\\n| where actinfo == \\\"ConsentAction.Permissions\\\"\\r\\n| parse val1 with * \\\"ResourceId:\\\" Resourceid1 \\\", ConsentType: \\\" ConsentType \\\", Scope:\\\" Scope \\\"]\\\" * \\r\\n| extend Scope1 = split(Scope, \\\" \\\")\\r\\n| mvexpand Scope1 \\r\\n| where Scope1 != \\\"\\\"\\r\\n//| project OperationName , username, appname, actinfo, Resourceid1, ConsentType, Scope1, CorrelationId \\r\\n| join kind = leftouter \\r\\n(\\r\\nAuditLogs\\r\\n| where OperationName contains \\\"oAuth2\\\"\\r\\n| extend tr = parse_json(TargetResources) | mvexpand tr | extend apiname = tostring(tr.displayName)\\r\\n| where apiname != \\\"\\\"\\r\\n| project OperationName , apiname , CorrelationId\\r\\n)\\r\\non $left.CorrelationId == $right.CorrelationId\\r\\n|distinct apiname\\r\\n| where apiname !=\\\"\\\"\\r\\n| sort by apiname\\r\\n\",\"crossComponentResources\":[],\"value\":[\"value::all\"],\"typeSettings\":{\"additionalResourceOptions\":[\"value::all\"],\"selectAllValue\":\"*\"},\"timeContext\":{\"durationMs\":0},\"timeContextFromParameter\":\"TimeRange\",\"queryType\":0,\"resourceType\":\"microsoft.operationalinsights/workspaces\"},{\"id\":\"07ba0b97-f870-4238-a950-e3bf31fe8a6b\",\"version\":\"KqlParameterItem/1.0\",\"name\":\"Consent_Type1\",\"label\":\"Consent Type\",\"type\":2,\"isRequired\":true,\"multiSelect\":true,\"quote\":\"'\",\"delimiter\":\",\",\"query\":\"AuditLogs\\r\\n| where OperationName contains \\\"Consent\\\"\\r\\n// user name \\r\\n| extend initby = parse_json(InitiatedBy) | extend userinfo1 = initby.user | extend userinfo2 = parse_json(userinfo1) \\r\\n| extend username = userinfo2.userPrincipalName\\r\\n// app name \\r\\n| extend tr = parse_json(TargetResources) | mvexpand tr | extend appname = tostring(tr.displayName)\\r\\n| extend mp = tr.modifiedProperties | mvexpand mp\\r\\n| extend actinfo = mp.displayName\\r\\n// consent and scope information \\r\\n| extend value1 = parse_json(mp) | extend val1 = value1.newValue\\r\\n| where actinfo == \\\"ConsentAction.Permissions\\\"\\r\\n| parse val1 with * \\\"ResourceId:\\\" Resourceid1 \\\", ConsentType: \\\" ConsentType \\\", Scope:\\\" Scope \\\"]\\\" * \\r\\n| project ConsentType \\r\\n//| where ConsentType != \\\"\\\"\\r\\n|distinct ConsentType\\r\\n\",\"crossComponentResources\":[],\"value\":[\"value::all\"],\"typeSettings\":{\"additionalResourceOptions\":[\"value::all\"],\"selectAllValue\":\"*\"},\"timeContext\":{\"durationMs\":0},\"timeContextFromParameter\":\"TimeRange\",\"queryType\":0,\"resourceType\":\"microsoft.operationalinsights/workspaces\"}],\"style\":\"pills\",\"queryType\":0,\"resourceType\":\"microsoft.operationalinsights/workspaces\"},\"customWidth\":\"100\",\"name\":\"parameters - 4\",\"styleSettings\":{\"margin\":\"0 0 15px 0\"}},{\"type\":3,\"content\":{\"version\":\"KqlItem/1.0\",\"query\":\"AuditLogs\\r\\n| where OperationName contains \\\"Consent\\\"\\r\\n// user name \\r\\n| extend initby = parse_json(InitiatedBy) | extend userinfo1 = initby.user | extend userinfo2 = parse_json(userinfo1) \\r\\n| extend username = userinfo2.userPrincipalName\\r\\n// app name \\r\\n| extend tr = parse_json(TargetResources) | mvexpand tr | extend appname = tostring(tr.displayName)\\r\\n| extend mp = tr.modifiedProperties | mvexpand mp\\r\\n| extend actinfo = mp.displayName\\r\\n// consent and scope information \\r\\n| extend value1 = parse_json(mp) | extend val1 = value1.newValue\\r\\n| where actinfo == \\\"ConsentAction.Permissions\\\"\\r\\n| parse val1 with * \\\"ResourceId:\\\" Resourceid1 \\\", ConsentType: \\\" ConsentType \\\", Scope:\\\" Scope \\\"]\\\" * \\r\\n| extend Scope1 = split(Scope, \\\" \\\")\\r\\n| mvexpand Scope1 \\r\\n| where Scope1 != \\\"\\\"\\r\\n| project OperationName , username, appname, actinfo, Resourceid1, ConsentType, Scope1, CorrelationId\\r\\n| where username in ({UserName}) or '*' in  ({UserName})\\r\\n| where ConsentType in ({Consent_Type1}) or '*' in ({Consent_Type1})\\r\\n| where appname in ({AppName1}) or '*' in ({AppName1})\\r\\n| where Scope1 in ({ScopeName1}) or '*' in ({ScopeName1})\\r\\n| join kind = leftouter \\r\\n(\\r\\nAuditLogs\\r\\n| where OperationName contains \\\"oAuth2\\\"\\r\\n| extend tr = parse_json(TargetResources) | mvexpand tr | extend apiname = tostring(tr.displayName)\\r\\n| where apiname != \\\"\\\"\\r\\n| project OperationName , apiname , CorrelationId\\r\\n| where apiname in ({API_Name1}) or '*' in ({API_Name1})\\r\\n)\\r\\non $left.CorrelationId == $right.CorrelationId\\r\\n| join kind = leftouter\\r\\n(\\r\\nSigninLogs\\r\\n| summarize distinctUserSignInCount=dcount(UserId), signInCount=count() by AppDisplayName \\r\\n) \\r\\non $left.appname == $right.AppDisplayName\\r\\n//| extend api_scope = strcat(apiname, \\\" - \\\", Scope1) \\r\\n| extend Scope = tostring(Scope1)\\r\\n//| distinct Scope, appname, distinctUserSignInCount, signInCount, ConsentType \\r\\n| summarize Appcount=dcount(appname) by Scope\\r\\n| sort by Appcount desc\\r\\n\",\"size\":1,\"showAnalytics\":true,\"title\":\"Scope by Unique App Consent Requests\",\"timeContext\":{\"durationMs\":2592000000},\"exportFieldName\":\"Scope\",\"exportParameterName\":\"Scope_Bar\",\"exportDefaultValue\":\"'*'\",\"showExportToExcel\":true,\"queryType\":0,\"resourceType\":\"microsoft.operationalinsights/workspaces\",\"visualization\":\"table\",\"gridSettings\":{\"formatters\":[{\"columnMatch\":\"Appcount\",\"formatter\":3,\"formatOptions\":{\"min\":0,\"palette\":\"grayBlue\",\"showIcon\":true}}],\"rowLimit\":100,\"labelSettings\":[{\"columnId\":\"Scope\",\"label\":\"Scope\"},{\"columnId\":\"Appcount\",\"label\":\"Appcount\"}]}},\"customWidth\":\"50\",\"name\":\"query - 8\"},{\"type\":3,\"content\":{\"version\":\"KqlItem/1.0\",\"query\":\"AuditLogs\\r\\n| where OperationName contains \\\"Consent\\\"\\r\\n// user name \\r\\n| extend initby = parse_json(InitiatedBy) | extend userinfo1 = initby.user | extend userinfo2 = parse_json(userinfo1) \\r\\n| extend username = userinfo2.userPrincipalName\\r\\n// app name \\r\\n| extend tr = parse_json(TargetResources) | mvexpand tr | extend appname = tostring(tr.displayName)\\r\\n| extend mp = tr.modifiedProperties | mvexpand mp\\r\\n| extend actinfo = mp.displayName\\r\\n// consent and scope information \\r\\n| extend value1 = parse_json(mp) | extend val1 = value1.newValue\\r\\n| where actinfo == \\\"ConsentAction.Permissions\\\"\\r\\n| parse val1 with * \\\"ResourceId:\\\" Resourceid1 \\\", ConsentType: \\\" ConsentType \\\", Scope:\\\" Scope \\\"]\\\" * \\r\\n| extend Scope1 = split(Scope, \\\" \\\")\\r\\n| mvexpand Scope1 \\r\\n| where Scope1 != \\\"\\\"\\r\\n| project OperationName , username, appname, actinfo, Resourceid1, ConsentType, Scope1, CorrelationId \\r\\n| where username in ({UserName}) or '*' in  ({UserName})\\r\\n| where ConsentType in ({Consent_Type1}) or '*' in ({Consent_Type1})\\r\\n| where appname in ({AppName1}) or '*' in ({AppName1})\\r\\n| where Scope1 in ({ScopeName1}) or '*' in ({ScopeName1})\\r\\n| join kind = leftouter \\r\\n(\\r\\nAuditLogs\\r\\n| where OperationName contains \\\"oAuth2\\\"\\r\\n| extend tr = parse_json(TargetResources) | mvexpand tr | extend apiname = tostring(tr.displayName)\\r\\n| where apiname != \\\"\\\"\\r\\n| project OperationName , apiname , CorrelationId\\r\\n| where apiname in ({API_Name1}) or '*' in ({API_Name1})\\r\\n)\\r\\non $left.CorrelationId == $right.CorrelationId\\r\\n| join kind = leftouter\\r\\n(\\r\\nSigninLogs\\r\\n| summarize distinctUserSignInCount=dcount(UserId), signInCount=count() by AppDisplayName \\r\\n) \\r\\non $left.appname == $right.AppDisplayName\\r\\n| extend api_scope = tostring(Scope1), API = tostring(apiname) \\r\\n| distinct  appname, distinctUserSignInCount\\r\\n\",\"size\":1,\"showAnalytics\":true,\"title\":\"Applications by Unique User Sign Ins\",\"timeContextFromParameter\":\"TimeRange\",\"exportFieldName\":\"appname\",\"exportParameterName\":\"appname\",\"exportDefaultValue\":\"*\",\"showExportToExcel\":true,\"queryType\":0,\"resourceType\":\"microsoft.operationalinsights/workspaces\",\"visualization\":\"table\",\"gridSettings\":{\"formatters\":[{\"columnMatch\":\"distinctUserSignInCount\",\"formatter\":3,\"formatOptions\":{\"min\":0,\"palette\":\"grayBlue\",\"showIcon\":true}}],\"rowLimit\":100,\"labelSettings\":[{\"columnId\":\"appname\",\"label\":\"appname\"},{\"columnId\":\"distinctUserSignInCount\",\"label\":\"distinctUserSignInCount\"}]}},\"customWidth\":\"50\",\"name\":\"query - 0 - Copy\"},{\"type\":3,\"content\":{\"version\":\"KqlItem/1.0\",\"query\":\"AuditLogs\\r\\n| where OperationName contains \\\"Consent\\\"\\r\\n// user name \\r\\n| extend initby = parse_json(InitiatedBy) | extend userinfo1 = initby.user | extend userinfo2 = parse_json(userinfo1) \\r\\n| extend username = userinfo2.userPrincipalName\\r\\n// app name \\r\\n| extend tr = parse_json(TargetResources) | mvexpand tr | extend appname = tostring(tr.displayName)\\r\\n| extend mp = tr.modifiedProperties | mvexpand mp\\r\\n| extend actinfo = mp.displayName\\r\\n// consent and scope information \\r\\n| extend value1 = parse_json(mp) | extend val1 = value1.newValue\\r\\n| where actinfo == \\\"ConsentAction.Permissions\\\"\\r\\n| parse val1 with * \\\"ResourceId:\\\" Resourceid1 \\\", ConsentType: \\\" ConsentType \\\", Scope:\\\" Scope \\\"]\\\" * \\r\\n| extend Scope1 = split(Scope, \\\" \\\")\\r\\n| mvexpand Scope1 \\r\\n| where Scope1 != \\\"\\\"\\r\\n| project OperationName , username, appname, actinfo, Resourceid1, ConsentType, Scope1, CorrelationId \\r\\n| where username in ({UserName}) or '*' in  ({UserName})\\r\\n| where ConsentType in ({Consent_Type1}) or '*' in ({Consent_Type1})\\r\\n| where appname in ({AppName1}) or '*' in ({AppName1})\\r\\n| where Scope1 in ({ScopeName1}) or '*' in ({ScopeName1})\\r\\n| join kind = leftouter \\r\\n(\\r\\nAuditLogs\\r\\n| where OperationName contains \\\"oAuth2\\\"\\r\\n| extend tr = parse_json(TargetResources) | mvexpand tr | extend apiname = tostring(tr.displayName)\\r\\n| where apiname != \\\"\\\"\\r\\n| project OperationName , apiname , CorrelationId\\r\\n| where apiname in ({API_Name1}) or '*' in ({API_Name1})\\r\\n)\\r\\non $left.CorrelationId == $right.CorrelationId\\r\\n|project UserName = tostring(username),  AppName = appname, ConsentType,  Scope = tostring(Scope1), API = apiname\\r\\n|distinct UserName, AppName, ConsentType, Scope, API\",\"size\":1,\"showAnalytics\":true,\"title\":\"Users by Application, API, Scope, Sign In Counts\",\"timeContextFromParameter\":\"TimeRange\",\"showExportToExcel\":true,\"queryType\":0,\"resourceType\":\"microsoft.operationalinsights/workspaces\",\"gridSettings\":{\"rowLimit\":100,\"labelSettings\":[{\"columnId\":\"UserName\",\"label\":\"UserName\"},{\"columnId\":\"AppName\",\"label\":\"AppName\"},{\"columnId\":\"ConsentType\",\"label\":\"ConsentType\"},{\"columnId\":\"Scope\",\"label\":\"Scope\"},{\"columnId\":\"API\",\"label\":\"API\"}]}},\"name\":\"query - 3\"},{\"type\":9,\"content\":{\"version\":\"KqlParameterItem/1.0\",\"parameters\":[{\"id\":\"2ecf7153-2928-43d0-8159-ae085e546259\",\"version\":\"KqlParameterItem/1.0\",\"name\":\"UserDisplayName\",\"label\":\"User Display Name\",\"type\":2,\"multiSelect\":true,\"quote\":\"'\",\"delimiter\":\",\",\"query\":\"let SinginConsentTimes = SigninLogs\\r\\n| join kind = leftouter\\r\\n(\\r\\nSigninLogs\\r\\n|extend errorCode = Status.errorCode\\r\\n|where errorCode == 90094 \\r\\n|distinct CorrelationId \\r\\n)\\r\\non $left.CorrelationId == $right.CorrelationId\\r\\n| summarize maxTime = max(TimeGenerated) by CorrelationId, UserId\\r\\n| extend corrIDMaxTime = strcat(CorrelationId, maxTime)\\r\\n| project corrIDMaxTime;\\r\\nunion\\r\\nSigninLogs\\r\\n| extend corrIDTime = strcat(CorrelationId, TimeGenerated)\\r\\n| where corrIDTime in (SinginConsentTimes)\\r\\n| extend ConditionalAccessPolicies = tostring(ConditionalAccessPolicies)\\r\\n| extend DeviceDetail = tostring(DeviceDetail) \\r\\n| extend LocationDetails = tostring(LocationDetails) \\r\\n| extend Status = tostring(Status)\\r\\n| distinct UserDisplayName\\r\\n| sort by UserDisplayName\\r\\n\\r\\n\\r\\n\",\"crossComponentResources\":[],\"value\":[\"value::all\"],\"typeSettings\":{\"additionalResourceOptions\":[\"value::all\"],\"selectAllValue\":\"*\"},\"timeContext\":{\"durationMs\":0},\"timeContextFromParameter\":\"TimeRange\",\"queryType\":0,\"resourceType\":\"microsoft.operationalinsights/workspaces\"}],\"style\":\"pills\",\"queryType\":0,\"resourceType\":\"microsoft.operationalinsights/workspaces\"},\"name\":\"parameters - 5\"},{\"type\":3,\"content\":{\"version\":\"KqlItem/1.0\",\"query\":\"let SinginConsentTimes = SigninLogs\\r\\n| join kind = inner\\r\\n(\\r\\nSigninLogs\\r\\n|extend errorCode = Status.errorCode\\r\\n|where errorCode == 90094 \\r\\n|distinct CorrelationId \\r\\n)\\r\\non $left.CorrelationId == $right.CorrelationId\\r\\n| summarize maxTime = max(TimeGenerated) by CorrelationId, UserId\\r\\n| extend corrIDMaxTime = strcat(CorrelationId, maxTime)\\r\\n| project corrIDMaxTime;\\r\\nSigninLogs\\r\\n| extend corrIDTime = strcat(CorrelationId, TimeGenerated)\\r\\n| where corrIDTime in (SinginConsentTimes)\\r\\n| project AppDisplayName, UserId, CorrelationId, ResultType, UserDisplayName\\r\\n| where AppDisplayName in ({AppName1}) or '*' in ({AppName1})\\r\\n| where UserDisplayName in ({UserDisplayName}) or '*' in ({UserDisplayName})\\r\\n//| summarize cnt = count() by ResultType\\r\\n//| extend SigninStatus = case(ResultType == 0, \\\"Success\\\", \\\"Failure\\\")\\r\\n//| summarize cnt = count() by AppDisplayName, SigninStatus\\r\\n| summarize TotalFlows = count(), TotalUsers = dcount(UserId) by AppDisplayName\\r\\n\",\"size\":0,\"showAnalytics\":true,\"title\":\"Count of access attempts where user needs admin consent for access\",\"noDataMessage\":\"There were no access attempts in the time range\",\"timeContextFromParameter\":\"TimeRange\",\"showExportToExcel\":true,\"queryType\":0,\"resourceType\":\"microsoft.operationalinsights/workspaces\",\"gridSettings\":{\"formatters\":[{\"columnMatch\":\"TotalFlows\",\"formatter\":3,\"formatOptions\":{\"palette\":\"grayBlue\",\"showIcon\":true}}],\"labelSettings\":[{\"columnId\":\"AppDisplayName\",\"label\":\"AppDisplayName\"},{\"columnId\":\"TotalFlows\",\"label\":\"TotalFlows\"}]}},\"name\":\"query - 11\"}],\"isLocked\":false,\"fallbackResourceIds\":[\"/subscriptions/ce6235e3-e4e9-421f-b8a9-def58c04fc17/resourceGroups/pid-aue-cor-arg-management/providers/Microsoft.OperationalInsights/workspaces/pid-aue-cor-law-54aa1dfd\"]}",
        "version": "1.0",
        "sourceId": "[parameters('workbookSourceId')]",
        "category": "[parameters('workbookType')]"
      }
    }
  ],
  "outputs": {
    "workbookId": {
      "type": "string",
      "value": "[resourceId( 'microsoft.insights/workbooks', parameters('workbookId'))]"
    }
  },
  "$schema": "http://schema.management.azure.com/schemas/2015-01-01/deploymentTemplate.json#"
}