{
  "contentVersion": "1.0.0.0",
  "parameters": {
    "workbookDisplayName": {
      "type": "string",
      "defaultValue": "KeyVault",
      "metadata": {
        "description": "The friendly name for the workbook that is used in the Gallery or Saved List.  This name must be unique within a resource group."
      }
    },
    "workbookType": {
      "type": "string",
      "defaultValue": "workbook",
      "metadata": {
        "description": "The gallery that the workbook will been shown under. Supported values include workbook, tsg, etc. Usually, this is 'workbook'"
      }
    },
    "workbookSourceId": {
      "type": "string",
      "defaultValue": "/subscriptions/ce6235e3-e4e9-421f-b8a9-def58c04fc17/resourceGroups/pid-aue-cor-arg-management/providers/Microsoft.OperationalInsights/workspaces/pid-aue-cor-law-54aa1dfd",
      "metadata": {
        "description": "The id of resource instance to which the workbook will be associated"
      }
    },
    "workbookId": {
      "type": "string",
      "defaultValue": "[newGuid()]",
      "metadata": {
        "description": "The unique guid for this workbook instance"
      }
    }
  },
  "resources": [
    {
      "name": "[parameters('workbookId')]",
      "type": "microsoft.insights/workbooks",
      "location": "[resourceGroup().location]",
      "apiVersion": "2022-04-01",
      "dependsOn": [],
      "kind": "shared",
      "properties": {
        "displayName": "[parameters('workbookDisplayName')]",
        "serializedData": "{\"version\":\"Notebook/1.0\",\"items\":[{\"type\":9,\"content\":{\"version\":\"KqlParameterItem/1.0\",\"crossComponentResources\":[\"{Subscriptions}\"],\"parameters\":[{\"id\":\"d5d7c033-d737-495b-a84c-bdd7e4e78a08\",\"version\":\"KqlParameterItem/1.0\",\"name\":\"Subscriptions\",\"type\":6,\"isRequired\":true,\"multiSelect\":true,\"quote\":\"'\",\"delimiter\":\",\",\"query\":\"Resources\\r\\n| where type =~ 'microsoft.keyvault/vaults'\\r\\n| summarize by subscriptionId\\r\\n| union (Resources\\r\\n| where type =~ 'microsoft.keyvault/vaults'\\r\\n| summarize Count = count() by subscriptionId\\r\\n| top 1 by Count desc)\\r\\n| summarize Count = count() by subscriptionId\\r\\n| project value = subscriptionId, label = subscriptionId, selected = Count > 1\",\"crossComponentResources\":[\"value::selected\"],\"typeSettings\":{\"additionalResourceOptions\":[\"value::all\"],\"showDefault\":false},\"queryType\":1,\"resourceType\":\"microsoft.resourcegraph/resources\",\"value\":[\"value::all\"]},{\"id\":\"3be310b0-14a6-416f-ae3c-0a98fda5c729\",\"version\":\"KqlParameterItem/1.0\",\"name\":\"ResourceGroups\",\"label\":\"Resource groups\",\"type\":2,\"isRequired\":true,\"multiSelect\":true,\"quote\":\"'\",\"delimiter\":\",\",\"query\":\"where type in~('microsoft.keyvault/vaults')\\r\\n| summarize Count = count() by resourceGroup\\r\\n| order by Count desc\\r\\n| extend Rank = row_number()\\r\\n| project value = resourceGroup, label = resourceGroup, selected = Rank == 1\",\"crossComponentResources\":[\"{Subscriptions}\"],\"value\":[\"value::all\"],\"isHiddenWhenLocked\":true,\"typeSettings\":{\"additionalResourceOptions\":[\"value::all\"],\"selectAllValue\":\"\",\"showDefault\":false},\"queryType\":1,\"resourceType\":\"microsoft.resourcegraph/resources\"},{\"id\":\"827a53dc-62fe-49ee-88a6-f9f751ed5ab3\",\"version\":\"KqlParameterItem/1.0\",\"name\":\"Resources\",\"label\":\"Key vaults\",\"type\":5,\"isRequired\":true,\"multiSelect\":true,\"quote\":\"\\\"\",\"delimiter\":\",\",\"query\":\"Resources\\r\\n| where type =~ 'microsoft.keyvault/vaults' and resourceGroup in~({ResourceGroups}) \\r\\n| project name, id\\r\\n| union (Resources\\r\\n| where type =~ 'microsoft.keyvault/vaults' and resourceGroup in~({ResourceGroups}) \\r\\n| order by name asc\\r\\n| take 5\\r\\n| project id, name)\\r\\n| summarize Count = count() by id, name\\r\\n| order by name asc\\r\\n| project value = id, label = id, selected = Count > 1\",\"crossComponentResources\":[\"{Subscriptions}\"],\"typeSettings\":{\"additionalResourceOptions\":[\"value::all\"],\"selectAllValue\":\"\",\"showDefault\":false},\"queryType\":1,\"resourceType\":\"microsoft.resourcegraph/resources\"},{\"id\":\"65f81355-b707-45be-b7e1-f8450b537da4\",\"version\":\"KqlParameterItem/1.0\",\"name\":\"TimeRange\",\"label\":\"Time Range\",\"type\":4,\"isRequired\":true,\"value\":{\"durationMs\":86400000},\"typeSettings\":{\"selectableValues\":[{\"durationMs\":1800000},{\"durationMs\":3600000},{\"durationMs\":14400000},{\"durationMs\":43200000},{\"durationMs\":86400000},{\"durationMs\":172800000},{\"durationMs\":604800000},{\"durationMs\":1209600000},{\"durationMs\":2592000000}],\"allowCustom\":true}},{\"id\":\"ed145907-5677-426b-8737-66ac01714250\",\"version\":\"KqlParameterItem/1.0\",\"name\":\"Message\",\"type\":1,\"query\":\"where type =~ 'microsoft.keyvault/vaults' and resourceGroup in~({ResourceGroups}) \\r\\n| summarize Selected = countif(id in ({Resources:value})), Total = count()\\r\\n| extend Selected = iff(Selected > 200, 200, Selected)\\r\\n| project Message = strcat('# ', Selected, ' / ', Total)\",\"crossComponentResources\":[\"{Subscriptions}\"],\"isHiddenWhenLocked\":true,\"timeContext\":{\"durationMs\":0},\"timeContextFromParameter\":\"TimeRange\",\"queryType\":1,\"resourceType\":\"microsoft.resourcegraph/resources\"},{\"id\":\"148a4084-ce64-44cc-9fdc-6b3ab6c00830\",\"version\":\"KqlParameterItem/1.0\",\"name\":\"ResourceName\",\"type\":1,\"description\":\"Used in 'No Subscription' workbook template\",\"isHiddenWhenLocked\":true,\"criteriaData\":[{\"condition\":\"else result = 'Key vault'\",\"criteriaContext\":{\"operator\":\"Default\",\"rightValType\":\"param\",\"resultValType\":\"static\",\"resultVal\":\"Key vault\"}}]},{\"id\":\"d8328492-f765-4a9e-b3cb-3d0d653f403c\",\"version\":\"KqlParameterItem/1.0\",\"name\":\"ResourceImageUrl\",\"type\":1,\"description\":\"Used in 'No Subscription' workbook template\",\"isHiddenWhenLocked\":true}],\"style\":\"above\",\"queryType\":1,\"resourceType\":\"microsoft.resourcegraph/resources\"},\"name\":\"KeyVault-Parameters\",\"styleSettings\":{\"margin\":\"15px 0 0 0\"}},{\"type\":12,\"content\":{\"version\":\"NotebookGroup/1.0\",\"groupType\":\"template\",\"loadFromTemplateId\":\"community-Workbooks/Common/noSubscriptions\",\"items\":[]},\"conditionalVisibility\":{\"parameterName\":\"Subscriptions\",\"comparison\":\"isEqualTo\",\"value\":\"\"},\"name\":\"No subscriptions\"},{\"type\":12,\"content\":{\"version\":\"NotebookGroup/1.0\",\"groupType\":\"editable\",\"items\":[{\"type\":1,\"content\":{\"json\":\"{Message}\\r\\n_Key vaults_\"},\"name\":\"text - 5\",\"styleSettings\":{\"margin\":\"15px 0 10px 10px\"}},{\"type\":11,\"content\":{\"version\":\"LinkItem/1.0\",\"style\":\"tabs\",\"links\":[{\"id\":\"56ed26b9-19a5-4c26-b046-83a7832f6321\",\"cellValue\":\"selectedTab\",\"linkTarget\":\"parameter\",\"linkLabel\":\"Overview\",\"subTarget\":\"Overview\",\"style\":\"link\"},{\"id\":\"d5d3e869-055a-49a8-bc73-2983ccd4c975\",\"cellValue\":\"selectedTab\",\"linkTarget\":\"parameter\",\"linkLabel\":\"Failures\",\"subTarget\":\"Failures\",\"style\":\"link\"}]},\"name\":\"links - 3\",\"styleSettings\":{\"margin\":\"10px 0 0 0\"}},{\"type\":1,\"content\":{\"json\":\"## Overview section\"},\"conditionalVisibility\":{\"parameterName\":\"1\",\"comparison\":\"isEqualTo\",\"value\":\"2\"},\"name\":\"Overview section\"},{\"type\":10,\"content\":{\"chartId\":\"workbook6f5ece70-86e7-4a7e-9a20-72fe3c12eeb4\",\"version\":\"MetricsItem/2.0\",\"size\":0,\"chartType\":0,\"resourceType\":\"microsoft.keyvault/vaults\",\"metricScope\":0,\"resourceParameter\":\"Resources\",\"resourceIds\":[\"{Resources}\"],\"timeContextFromParameter\":\"TimeRange\",\"timeContext\":{\"durationMs\":86400000},\"metrics\":[{\"namespace\":\"microsoft.keyvault/vaults\",\"metric\":\"microsoft.keyvault/vaults--ServiceApiResult\",\"aggregation\":1,\"splitBy\":\"ActivityName\",\"splitBySortOrder\":-1,\"splitByLimit\":50,\"columnName\":\"Api hits\"},{\"namespace\":\"microsoft.keyvault/vaults\",\"metric\":\"microsoft.keyvault/vaults--ServiceApiResult\",\"aggregation\":1,\"splitBy\":\"ActivityName\",\"splitBySortOrder\":-1,\"splitByLimit\":50,\"columnName\":\"Api hit failures\",\"filters\":[{\"key\":\"StatusCode\",\"operator\":1,\"values\":[\"200\",\"201\",\"202\",\"206\"]}]},{\"namespace\":\"microsoft.keyvault/vaults\",\"metric\":\"microsoft.keyvault/vaults--ServiceApiLatency\",\"aggregation\":4,\"splitBy\":\"ActivityName\",\"splitBySortOrder\":-1,\"splitByLimit\":50},{\"namespace\":\"microsoft.keyvault/vaults\",\"metric\":\"microsoft.keyvault/vaults--SaturationShoebox\",\"aggregation\":4,\"splitBy\":\"ActivityName\",\"splitBySortOrder\":2,\"splitByLimit\":50,\"columnName\":\"Saturation\"}],\"gridFormatType\":2,\"showExpandCollapseGrid\":true,\"gridSettings\":{\"formatters\":[{\"columnMatch\":\"$gen_group\",\"formatter\":13,\"formatOptions\":{\"linkTarget\":\"Resource\",\"subTarget\":\"insights\",\"showIcon\":true,\"workbookContext\":{\"componentIdSource\":\"cell\",\"resourceIdsSource\":\"workbook\",\"templateIdSource\":\"static\",\"templateId\":\"Community-Workbooks/KeyVault/Overview\",\"typeSource\":\"workbook\",\"gallerySource\":\"workbook\",\"locationSource\":\"default\"}}},{\"columnMatch\":\"Subscription\",\"formatter\":5,\"formatOptions\":{}},{\"columnMatch\":\"Name\",\"formatter\":5,\"formatOptions\":{}},{\"columnMatch\":\"Segment\",\"formatter\":5,\"formatOptions\":{}},{\"columnMatch\":\"Api hits\",\"formatter\":8,\"formatOptions\":{\"min\":0,\"palette\":\"blue\",\"aggregation\":\"Sum\"},\"numberFormat\":{\"unit\":17,\"options\":{\"style\":\"decimal\",\"useGrouping\":false,\"maximumFractionDigits\":1},\"emptyValCustomText\":\"-\"}},{\"columnMatch\":\"Api hits Timeline\",\"formatter\":21,\"formatOptions\":{\"min\":0,\"palette\":\"blue\",\"aggregation\":\"Sum\"}},{\"columnMatch\":\"Api hit failures\",\"formatter\":8,\"formatOptions\":{\"min\":0,\"palette\":\"red\",\"aggregation\":\"Sum\"},\"numberFormat\":{\"unit\":17,\"options\":{\"style\":\"decimal\",\"maximumFractionDigits\":1},\"emptyValCustomText\":\"-\"}},{\"columnMatch\":\"Api hit failures Timeline\",\"formatter\":5,\"formatOptions\":{}},{\"columnMatch\":\"microsoft.keyvault/vaults--ServiceApiLatency\",\"formatter\":8,\"formatOptions\":{\"min\":0,\"palette\":\"gray\",\"aggregation\":\"Max\"},\"numberFormat\":{\"unit\":23,\"options\":{\"style\":\"decimal\",\"maximumFractionDigits\":2}}},{\"columnMatch\":\"microsoft.keyvault/vaults--ServiceApiLatency Timeline\",\"formatter\":5,\"formatOptions\":{}},{\"columnMatch\":\"Saturation\",\"formatter\":18,\"formatOptions\":{\"min\":0,\"max\":100,\"palette\":\"greenRed\",\"thresholdsOptions\":\"icons\",\"thresholdsGrid\":[{\"operator\":\">\",\"thresholdValue\":\"75\",\"representation\":\"2\",\"text\":\"{0}{1}\"},{\"operator\":\"is Empty\",\"representation\":\"success\",\"text\":\"{0}{1}\"},{\"operator\":\"Default\",\"thresholdValue\":null,\"representation\":\"success\",\"text\":\"{0}{1}\"}],\"aggregation\":\"Average\"},\"numberFormat\":{\"unit\":1,\"options\":{\"style\":\"decimal\",\"useGrouping\":false,\"maximumFractionDigits\":1},\"emptyValCustomText\":\"0%\"}},{\"columnMatch\":\"Saturation Timeline\",\"formatter\":5,\"formatOptions\":{}},{\"columnMatch\":\".*\\\\/Total Service Api Hits$\",\"formatter\":1,\"formatOptions\":{}},{\"columnMatch\":\"microsoft.keyvault/vaults--ServiceApiResult Timeline\",\"formatter\":5,\"formatOptions\":{}},{\"columnMatch\":\"microsoft.keyvault/vaults--ServiceApiResult\",\"formatter\":1,\"formatOptions\":{},\"numberFormat\":{\"unit\":0,\"options\":{\"style\":\"decimal\",\"useGrouping\":false}}},{\"columnMatch\":\"More Details\",\"formatter\":7,\"formatOptions\":{\"linkTarget\":\"WorkbookTemplate\",\"workbookContext\":null}}],\"rowLimit\":10000,\"filter\":true,\"hierarchySettings\":{\"treeType\":1,\"groupBy\":[\"Subscription\",\"Name\"],\"expandTopLevel\":true,\"finalBy\":\"Segment\"},\"sortBy\":[{\"itemKey\":\"$gen_heatmap_Api hit failures_6\",\"sortOrder\":2}],\"labelSettings\":[{\"columnId\":\"Api hits\",\"label\":\"Requests\"},{\"columnId\":\"Api hits Timeline\",\"label\":\"Requests timeline\"},{\"columnId\":\"Api hit failures\",\"label\":\"Request failures\"},{\"columnId\":\"Api hit failures Timeline\",\"label\":\"Api hit failures Timeline\"},{\"columnId\":\"microsoft.keyvault/vaults--ServiceApiLatency\",\"label\":\"Average latency (worst rolled up)\"},{\"columnId\":\"microsoft.keyvault/vaults--ServiceApiLatency Timeline\",\"label\":\"Overall Service Api Latency (Average) Timeline\"},{\"columnId\":\"Saturation\",\"label\":\"Saturation\"},{\"columnId\":\"Saturation Timeline\",\"label\":\"Saturation Timeline\"}]},\"sortBy\":[{\"itemKey\":\"$gen_heatmap_Api hit failures_6\",\"sortOrder\":2}],\"exportedParameters\":[{\"fieldName\":\"Name\",\"parameterName\":\"Vault\",\"parameterType\":5,\"defaultValue\":\"\"}],\"showExportToExcel\":true},\"conditionalVisibility\":{\"parameterName\":\"selectedTab\",\"comparison\":\"isEqualTo\",\"value\":\"Overview\"},\"showPin\":true,\"name\":\"Key vault overview metrics\"},{\"type\":1,\"content\":{\"json\":\"## Failures Section\"},\"conditionalVisibility\":{\"parameterName\":\"1\",\"comparison\":\"isEqualTo\",\"value\":\"2\"},\"name\":\"text - 16\"},{\"type\":10,\"content\":{\"chartId\":\"workbookaf596582-a211-4fb6-b8f4-2f6521cc554f\",\"version\":\"MetricsItem/2.0\",\"size\":2,\"chartType\":0,\"resourceType\":\"microsoft.keyvault/vaults\",\"metricScope\":0,\"resourceParameter\":\"Resources\",\"resourceIds\":[\"{Resources}\"],\"timeContextFromParameter\":\"TimeRange\",\"timeContext\":{\"durationMs\":86400000},\"metrics\":[{\"namespace\":\"microsoft.keyvault/vaults\",\"metric\":\"microsoft.keyvault/vaults--ServiceApiHit\",\"aggregation\":1},{\"namespace\":\"microsoft.keyvault/vaults\",\"metric\":\"microsoft.keyvault/vaults--ServiceApiResult\",\"aggregation\":1,\"columnName\":\"Successes\",\"filters\":[{\"key\":\"StatusCodeClass\",\"operator\":0,\"values\":[\"2xx\"]}]},{\"namespace\":\"microsoft.keyvault/vaults\",\"metric\":\"microsoft.keyvault/vaults--ServiceApiResult\",\"aggregation\":1,\"columnName\":\"Authentication\",\"filters\":[{\"key\":\"StatusCode\",\"operator\":0,\"values\":[\"401\"]},{\"key\":\"StatusCode\",\"operator\":0,\"values\":[\"403\"]}]},{\"namespace\":\"microsoft.keyvault/vaults\",\"metric\":\"microsoft.keyvault/vaults--ServiceApiResult\",\"aggregation\":1,\"columnName\":\"Throttling\",\"filters\":[{\"key\":\"StatusCode\",\"operator\":0,\"values\":[\"429\"]}]},{\"namespace\":\"microsoft.keyvault/vaults\",\"metric\":\"microsoft.keyvault/vaults--ServiceApiResult\",\"aggregation\":1,\"columnName\":\"Failures\",\"filters\":[{\"key\":\"StatusCodeClass\",\"operator\":1,\"values\":[\"2xx\"]},{\"key\":\"StatusCode\",\"operator\":1,\"values\":[\"401\",\"403\",\"429\"]}]}],\"showExpandCollapseGrid\":true,\"gridSettings\":{\"formatters\":[{\"columnMatch\":\"$gen_group\",\"formatter\":13,\"formatOptions\":{\"linkTarget\":\"Resource\",\"subTarget\":\"insights\",\"showIcon\":true,\"workbookContext\":{\"componentIdSource\":\"cell\",\"resourceIdsSource\":\"workbook\",\"templateIdSource\":\"static\",\"templateId\":\"Community-Workbooks/KeyVault/Overview\",\"typeSource\":\"workbook\",\"gallerySource\":\"workbook\",\"locationSource\":\"default\"}}},{\"columnMatch\":\"Subscription\",\"formatter\":5,\"formatOptions\":{}},{\"columnMatch\":\"Name\",\"formatter\":5,\"formatOptions\":{}},{\"columnMatch\":\"microsoft.keyvault/vaults--ServiceApiHit\",\"formatter\":8,\"formatOptions\":{\"min\":0,\"palette\":\"blue\",\"aggregation\":\"Sum\"},\"numberFormat\":{\"unit\":17,\"options\":{\"style\":\"decimal\",\"useGrouping\":false,\"maximumFractionDigits\":1},\"emptyValCustomText\":\"-\"}},{\"columnMatch\":\"microsoft.keyvault/vaults--ServiceApiHit Timeline\",\"formatter\":21,\"formatOptions\":{\"min\":0,\"palette\":\"blue\",\"aggregation\":\"Sum\"}},{\"columnMatch\":\"Successes\",\"formatter\":8,\"formatOptions\":{\"min\":0,\"palette\":\"green\",\"aggregation\":\"Sum\"},\"numberFormat\":{\"unit\":0,\"options\":{\"style\":\"decimal\",\"useGrouping\":false,\"maximumFractionDigits\":1},\"emptyValCustomText\":\"-\"}},{\"columnMatch\":\"Successes Timeline\",\"formatter\":5,\"formatOptions\":{}},{\"columnMatch\":\"Authentication\",\"formatter\":8,\"formatOptions\":{\"min\":0,\"palette\":\"gray\",\"aggregation\":\"Sum\"},\"numberFormat\":{\"unit\":17,\"options\":{\"style\":\"decimal\",\"useGrouping\":false,\"maximumFractionDigits\":1},\"emptyValCustomText\":\"-\"}},{\"columnMatch\":\"Authentication Timeline\",\"formatter\":5,\"formatOptions\":{}},{\"columnMatch\":\"Throttling\",\"formatter\":8,\"formatOptions\":{\"min\":0,\"palette\":\"redBright\",\"aggregation\":\"Sum\"},\"numberFormat\":{\"unit\":0,\"options\":{\"style\":\"decimal\",\"useGrouping\":false,\"maximumFractionDigits\":1},\"emptyValCustomText\":\"-\"}},{\"columnMatch\":\"Throttling Timeline\",\"formatter\":5,\"formatOptions\":{}},{\"columnMatch\":\"Failures\",\"formatter\":8,\"formatOptions\":{\"min\":0,\"palette\":\"redDark\",\"aggregation\":\"Sum\"},\"numberFormat\":{\"unit\":17,\"options\":{\"style\":\"decimal\",\"maximumFractionDigits\":1},\"emptyValCustomText\":\"-\"}},{\"columnMatch\":\"Failures Timeline\",\"formatter\":5,\"formatOptions\":{}},{\"columnMatch\":\"Authentication Error\",\"formatter\":8,\"formatOptions\":{\"min\":0,\"palette\":\"gray\",\"aggregation\":\"Sum\"},\"numberFormat\":{\"unit\":17,\"options\":{\"style\":\"decimal\",\"maximumSignificantDigits\":2},\"emptyValCustomText\":\"-\"}},{\"columnMatch\":\"response\",\"formatter\":8,\"formatOptions\":{\"min\":0,\"palette\":\"green\",\"aggregation\":\"Sum\"},\"numberFormat\":{\"unit\":17,\"options\":{\"style\":\"decimal\",\"maximumSignificantDigits\":2},\"emptyValCustomText\":\"-\"}},{\"columnMatch\":\"microsoft.keyvault/vaults--ServiceApiResult\",\"formatter\":1,\"formatOptions\":{},\"numberFormat\":{\"unit\":0,\"options\":{\"style\":\"decimal\"}}}],\"rowLimit\":10000,\"filter\":true,\"hierarchySettings\":{\"treeType\":1,\"groupBy\":[\"Subscription\"],\"expandTopLevel\":true,\"finalBy\":\"Name\"},\"sortBy\":[{\"itemKey\":\"$gen_heatmap_microsoft.keyvault/vaults--ServiceApiHit_3\",\"sortOrder\":2}],\"labelSettings\":[{\"columnId\":\"microsoft.keyvault/vaults--ServiceApiHit\",\"label\":\"Total Service Api Hits (Sum)\"},{\"columnId\":\"microsoft.keyvault/vaults--ServiceApiHit Timeline\",\"label\":\"Total Service Api Hits Timeline\"},{\"columnId\":\"Successes\",\"label\":\"Successes\"},{\"columnId\":\"Successes Timeline\",\"label\":\"Successes Timeline\"},{\"columnId\":\"Authentication\",\"label\":\"Authentication Errors\"},{\"columnId\":\"Authentication Timeline\",\"label\":\"Authentication Timeline\"},{\"columnId\":\"Throttling\",\"label\":\"Throttling\"},{\"columnId\":\"Throttling Timeline\",\"label\":\"Throttling Timeline\"},{\"columnId\":\"Failures\",\"label\":\"Other Failures\"},{\"columnId\":\"Failures Timeline\",\"label\":\"Failures Timeline\"}]},\"sortBy\":[{\"itemKey\":\"$gen_heatmap_microsoft.keyvault/vaults--ServiceApiHit_3\",\"sortOrder\":2}],\"exportedParameters\":[{\"fieldName\":\"Name\",\"parameterName\":\"Vault\",\"parameterType\":5}],\"showExportToExcel\":true},\"conditionalVisibility\":{\"parameterName\":\"selectedTab\",\"comparison\":\"isEqualTo\",\"value\":\"Failures\"},\"showPin\":true,\"name\":\"metric - 18\"}]},\"conditionalVisibility\":{\"parameterName\":\"Subscriptions\",\"comparison\":\"isNotEqualTo\",\"value\":\"\"},\"name\":\"Key Vault Resources\"}],\"isLocked\":false,\"fallbackResourceIds\":[\"/subscriptions/ce6235e3-e4e9-421f-b8a9-def58c04fc17/resourceGroups/pid-aue-cor-arg-management/providers/Microsoft.OperationalInsights/workspaces/pid-aue-cor-law-54aa1dfd\"],\"styleSettings\":{\"spacingStyle\":\"none\"},\"workbookPin\":\"Key vault overview metrics\"}",
        "version": "1.0",
        "sourceId": "[parameters('workbookSourceId')]",
        "category": "[parameters('workbookType')]"
      }
    }
  ],
  "outputs": {
    "workbookId": {
      "type": "string",
      "value": "[resourceId( 'microsoft.insights/workbooks', parameters('workbookId'))]"
    }
  },
  "$schema": "http://schema.management.azure.com/schemas/2015-01-01/deploymentTemplate.json#"
}