{
  "contentVersion": "1.0.0.0",
  "parameters": {
    "workbookDisplayName": {
      "type": "string",
      "defaultValue": "Backup Summary",
      "metadata": {
        "description": "The friendly name for the workbook that is used in the Gallery or Saved List.  This name must be unique within a resource group."
      }
    },
    "workbookType": {
      "type": "string",
      "defaultValue": "workbook",
      "metadata": {
        "description": "The gallery that the workbook will been shown under. Supported values include workbook, tsg, etc. Usually, this is 'workbook'"
      }
    },
    "workbookSourceId": {
      "type": "string",
      "defaultValue": "/subscriptions/ce6235e3-e4e9-421f-b8a9-def58c04fc17/resourceGroups/pid-aue-cor-arg-management/providers/Microsoft.OperationalInsights/workspaces/pid-aue-cor-law-54aa1dfd",
      "metadata": {
        "description": "The id of resource instance to which the workbook will be associated"
      }
    },
    "workbookId": {
      "type": "string",
      "defaultValue": "[newGuid()]",
      "metadata": {
        "description": "The unique guid for this workbook instance"
      }
    }
  },
  "resources": [
    {
      "name": "[parameters('workbookId')]",
      "type": "microsoft.insights/workbooks",
      "location": "[resourceGroup().location]",
      "apiVersion": "2022-04-01",
      "dependsOn": [],
      "kind": "shared",
      "properties": {
        "displayName": "[parameters('workbookDisplayName')]",
        "serializedData": "{\"version\":\"Notebook/1.0\",\"items\":[{\"type\":11,\"content\":{\"version\":\"LinkItem/1.0\",\"style\":\"tabs\",\"links\":[{\"id\":\"a24f7f98-dc7a-42b2-b764-c9e99ff33754\",\"cellValue\":\"TabName\",\"linkTarget\":\"parameter\",\"linkLabel\":\"Get Started\",\"subTarget\":\"Overview\",\"style\":\"link\"},{\"id\":\"c46c1b48-bcd5-48f3-b515-44a2f3d78669\",\"cellValue\":\"TabName\",\"linkTarget\":\"parameter\",\"linkLabel\":\"Summary\",\"subTarget\":\"Summary\",\"style\":\"primary\",\"workbookContext\":{\"componentIdSource\":\"workbook\",\"resourceIdsSource\":\"workbook\",\"templateIdSource\":\"static\",\"templateId\":\"13bf0ff5-c132-4c85-910e-9de00bb3d26e\",\"typeSource\":\"workbook\",\"gallerySource\":\"workbook\"}},{\"id\":\"d82feaf3-d662-4fe9-b7c9-ab07bdba600f\",\"cellValue\":\"TabName\",\"linkTarget\":\"parameter\",\"linkLabel\":\"Backup Instances\",\"subTarget\":\"BackupItems\",\"style\":\"secondary\",\"workbookContext\":{\"componentIdSource\":\"workbook\",\"resourceIdsSource\":\"workbook\",\"templateIdSource\":\"static\",\"templateId\":\"Community-Workbooks/Azure Backup/Storage\",\"typeSource\":\"default\",\"gallerySource\":\"static\",\"gallery\":\"Azure Monitor\"}},{\"id\":\"0af01583-e55c-4b0a-a395-fd5037f30095\",\"cellValue\":\"TabName\",\"linkTarget\":\"parameter\",\"linkLabel\":\"Usage\",\"subTarget\":\"Usage\",\"style\":\"secondary\",\"workbookContext\":{\"componentIdSource\":\"workbook\",\"resourceIdsSource\":\"workbook\",\"templateIdSource\":\"static\",\"templateId\":\"Community-Workbooks/Azure Backup/Protected Instances\",\"typeSource\":\"default\",\"gallerySource\":\"static\",\"gallery\":\"Azure Monitor\"}},{\"id\":\"fbbecb40-83ec-4fe8-a5e0-973f8b14b22f\",\"cellValue\":\"TabName\",\"linkTarget\":\"parameter\",\"linkLabel\":\"Jobs\",\"subTarget\":\"JobDistribution\",\"style\":\"secondary\",\"workbookContext\":{\"componentIdSource\":\"workbook\",\"resourceIdsSource\":\"workbook\",\"templateIdSource\":\"static\",\"templateId\":\"Community-Workbooks/Azure Backup/Job Distribution\",\"typeSource\":\"default\",\"gallerySource\":\"static\",\"gallery\":\"Azure Monitor\"}},{\"id\":\"4101ac0a-663b-4c00-ad04-d5e0a9b5c126\",\"cellValue\":\"TabName\",\"linkTarget\":\"parameter\",\"linkLabel\":\"Policies\",\"subTarget\":\"PolicyDetails\",\"style\":\"link\"},{\"id\":\"883f8a53-19af-4f96-bce4-3e60c0d391e7\",\"cellValue\":\"TabName\",\"linkTarget\":\"parameter\",\"linkLabel\":\"Optimize\",\"subTarget\":\"Optimize\",\"style\":\"link\"},{\"id\":\"fd346de8-b14d-4ce9-9014-bcdf8c44b55a\",\"cellValue\":\"TabName\",\"linkTarget\":\"parameter\",\"linkLabel\":\"Policy Adherence\",\"subTarget\":\"Policy Adherence\",\"style\":\"link\"},{\"id\":\"92590424-cfc1-42b5-8212-a2ba823f9b44\",\"cellValue\":\"TabName\",\"linkTarget\":\"parameter\",\"linkLabel\":\"Email Report\",\"subTarget\":\"Email\",\"style\":\"link\"}]},\"name\":\"Tabs\"},{\"type\":1,\"content\":{\"json\":\"Azure Backup now provides a set of customizable reporting templates to help you generate audit evidence reports for backup in an easier way. [Click here](https://aka.ms/BCDRAuditReportTemplates) to access these templates.\",\"style\":\"upsell\"},\"name\":\"AuditText\"},{\"type\":1,\"content\":{\"json\":\"<div style=\\\"text-align:left;float:left;\\\"><span style=\\\"font-size:16px;font-weight:600\\\">Select Log Analytics Workspace </span> <br> <span style=\\\"font-size:12px;\\\"> <a href=\\\"https://aka.ms/AzureBackupDiagnosticsAutomationDoc\\\" target=\\\"_blank\\\"> How to configure vault diagnostic settings for backup reports </a> </span> </div> <div style=\\\"text-align:right; float:right\\\"> <span style=\\\"font-size:12px;\\\"> <a href=\\\"https://aka.ms/AzureBackupReportOld\\\" target=\\\"_blank\\\"> What happened to the Power BI reports? </a> </span> </div>\"},\"conditionalVisibility\":{\"parameterName\":\"TabName\",\"comparison\":\"isEqualTo\",\"value\":\"Overview\"},\"name\":\"Overview-InstructionText\"},{\"type\":9,\"content\":{\"version\":\"KqlParameterItem/1.0\",\"crossComponentResources\":[\"{Workspaces}\"],\"parameters\":[{\"id\":\"d1f42f81-eb8f-4653-a0ff-38564d7487b4\",\"version\":\"KqlParameterItem/1.0\",\"name\":\"Subscriptions\",\"type\":6,\"description\":\"Subscriptions to filter the list of workspaces\",\"isRequired\":true,\"multiSelect\":true,\"quote\":\"'\",\"delimiter\":\",\",\"value\":[\"value::all\"],\"typeSettings\":{\"additionalResourceOptions\":[\"value::all\"],\"includeAll\":false,\"selectAllValue\":\"\"}},{\"id\":\"2373a24f-ad32-4909-a7f6-59b373dcde6c\",\"version\":\"KqlParameterItem/1.0\",\"name\":\"Workspaces\",\"type\":5,\"description\":\"LA Workspaces configured in vault diagnostic settings\",\"isRequired\":true,\"multiSelect\":true,\"quote\":\"'\",\"delimiter\":\",\",\"query\":\"where type =~ 'microsoft.operationalinsights/workspaces' | project id\",\"crossComponentResources\":[\"{Subscriptions}\"],\"value\":[],\"typeSettings\":{\"additionalResourceOptions\":[]},\"queryType\":1,\"resourceType\":\"microsoft.resourcegraph/resources\"},{\"id\":\"64dd748f-d528-4912-a3bf-4a503e0b17f6\",\"version\":\"KqlParameterItem/1.0\",\"name\":\"VaultsUsingAzureDiagnostics\",\"type\":1,\"query\":\"// function Params - Report Filters\\r\\nlet RangeStart = startofday(ago(3d));\\r\\nlet RangeEnd = startofday(now());\\r\\nlet VaultSubscriptionList = \\\"*\\\";\\r\\nlet VaultLocationList = \\\"*\\\"; \\r\\nlet VaultList = \\\"*\\\";\\r\\nlet VaultTypeList = \\\"*\\\";\\r\\nlet ExcludeLegacyEvent_1 = false;\\r\\nlet ExcludeLegacyEvent_2 = true;\\r\\n// calling LA System Function\\r\\n_AzureBackup_GetVaults(RangeStart, RangeEnd, VaultSubscriptionList, VaultLocationList, VaultList, VaultTypeList, ExcludeLegacyEvent_1) | distinct Id\\r\\n| join kind = leftanti ( \\r\\n// calling LA System Function\\r\\n_AzureBackup_GetVaults(RangeStart, RangeEnd, VaultSubscriptionList, VaultLocationList, VaultList, VaultTypeList, ExcludeLegacyEvent_2) | distinct Id) on Id\\r\\n| count \",\"crossComponentResources\":[\"{Workspaces}\"],\"isHiddenWhenLocked\":true,\"queryType\":0,\"resourceType\":\"microsoft.operationalinsights/workspaces\"},{\"id\":\"d894d309-7e5f-488e-afde-73796c84b711\",\"version\":\"KqlParameterItem/1.0\",\"name\":\"AzureStorageCutOffDate\",\"type\":1,\"description\":\"Cut-off Date To Enable AzureStorage\",\"isRequired\":true,\"query\":\"{\\\"version\\\":\\\"1.0.0\\\",\\\"content\\\":\\\"\\\\\\\"5/14/2020, 12:00:00.000 AM\\\\\\\"\\\",\\\"transformers\\\":null}\",\"isHiddenWhenLocked\":true,\"queryType\":8}],\"style\":\"above\",\"doNotRunWhenHidden\":true,\"queryType\":0,\"resourceType\":\"microsoft.operationalinsights/workspaces\"},\"customWidth\":\"50\",\"conditionalVisibility\":{\"parameterName\":\"TabName\",\"comparison\":\"isEqualTo\",\"value\":\"Overview\"},\"name\":\"Overview-WorkspaceParameterBlock\"},{\"type\":1,\"content\":{\"json\":\"You have vault(s) using **legacy diagnostics settings**. Please use the latest diagnostics settings for all your vaults to make them eligible for reporting upgrades. [Learn more](https://aka.ms/AzureBackupUseResourceSpecific)\",\"style\":\"warning\"},\"conditionalVisibilities\":[{\"parameterName\":\"TabName\",\"comparison\":\"isEqualTo\",\"value\":\"Overview\"},{\"parameterName\":\"VaultsUsingAzureDiagnostics\",\"comparison\":\"isNotEqualTo\",\"value\":\"\"},{\"parameterName\":\"Workspaces\",\"comparison\":\"isNotEqualTo\"}],\"name\":\"ResourceSpecificTextBox1\"},{\"type\":1,\"content\":{\"json\":\"_____\"},\"conditionalVisibilities\":[{\"parameterName\":\"Workspaces\",\"comparison\":\"isNotEqualTo\"},{\"parameterName\":\"TabName\",\"comparison\":\"isEqualTo\",\"value\":\"Overview\"}],\"name\":\"Overview-DividingLine1\"},{\"type\":1,\"content\":{\"json\":\"<div style=\\\"text-align:left;float:left;\\\"><span style=\\\"font-size:16px;font-weight:600\\\">Report Filters </span> </div> <div style=\\\"text-align:right; float:right\\\"> <span style=\\\"font-size:12px;\\\"> <a href=\\\"https://aka.ms/AzureBackupReportDocs\\\" target=\\\"_blank\\\"> How to use backup reports? </a> </span> </div>\"},\"conditionalVisibility\":{\"parameterName\":\"Workspaces\",\"comparison\":\"isNotEqualTo\"},\"name\":\"Overview-ReportFiltersTitle\"},{\"type\":1,\"content\":{\"json\":\"<p> <span style=\\\"font-size:12px; font-style:italic\\\"> Filters are applied left to right and top to bottom on each page. <a href=\\\"https://aka.ms/AzureBackupReportFilters\\\" target=\\\"_blank\\\">Learn More</a> </span> </p>\"},\"conditionalVisibility\":{\"parameterName\":\"Workspaces\",\"comparison\":\"isNotEqualTo\"},\"name\":\"Overview-InstructionText2\"},{\"type\":9,\"content\":{\"version\":\"KqlParameterItem/1.0\",\"crossComponentResources\":[\"{Workspaces}\"],\"parameters\":[{\"id\":\"8c4ae44c-fa9a-4498-aedc-736a56e64b43\",\"version\":\"KqlParameterItem/1.0\",\"name\":\"TimeRange\",\"label\":\"Time Range\",\"type\":4,\"description\":\"Time Range\",\"value\":{\"durationMs\":604800000},\"typeSettings\":{\"selectableValues\":[{\"durationMs\":259200000},{\"durationMs\":604800000},{\"durationMs\":1209600000},{\"durationMs\":2419200000},{\"durationMs\":2592000000},{\"durationMs\":5184000000},{\"durationMs\":7776000000}],\"allowCustom\":true},\"timeContext\":{\"durationMs\":0},\"timeContextFromParameter\":\"TimeRange\"},{\"id\":\"78c86854-fe3c-44c5-8ee3-23d4210827d1\",\"version\":\"KqlParameterItem/1.0\",\"name\":\"ExcludeLegacyEvent\",\"label\":\"Exclude Legacy Table\",\"type\":2,\"description\":\"Use this parameter to avoid querying data that is sent to the legacy Azure Diagnostics table. Excluding the legacy table improves query performance time. <a href=\\\"https://docs.microsoft.com/azure/backup/backup-azure-diagnostic-events#legacy-event\\\">Learn more </a>\",\"isRequired\":true,\"typeSettings\":{\"additionalResourceOptions\":[],\"showDefault\":false},\"jsonData\":\"[\\r\\n    { \\\"value\\\":\\\"True\\\",  \\\"selected\\\":true},\\r\\n    { \\\"value\\\":\\\"False\\\"}\\r\\n]\",\"value\":\"False\"}],\"style\":\"above\",\"doNotRunWhenHidden\":true,\"queryType\":0,\"resourceType\":\"microsoft.operationalinsights/workspaces\"},\"customWidth\":\"36\",\"conditionalVisibility\":{\"parameterName\":\"Workspaces\",\"comparison\":\"isNotEqualTo\"},\"name\":\"Overview-TimeRangeParameterBlock\",\"styleSettings\":{\"maxWidth\":\"100%\"}},{\"type\":9,\"content\":{\"version\":\"KqlParameterItem/1.0\",\"parameters\":[{\"id\":\"8ce61d1d-e371-40bf-ad53-7ba78afb976f\",\"version\":\"KqlParameterItem/1.0\",\"name\":\"DatasourceType\",\"label\":\"Backup Solution\",\"type\":2,\"description\":\"Use to filter reports by backup solution\",\"isRequired\":true,\"multiSelect\":true,\"quote\":\"\",\"delimiter\":\",\",\"value\":[\"value::all\"],\"typeSettings\":{\"additionalResourceOptions\":[\"value::all\"],\"selectAllValue\":\"*\",\"showDefault\":false},\"jsonData\":\"[    \\r\\n{ \\\"value\\\": \\\"Azure Backup Agent\\\", \\t\\t\\t\\t\\t\\t\\\"label\\\": \\\"Azure Backup Agent\\\" },\\r\\n{ \\\"value\\\": \\\"Azure Backup Server\\\", \\t\\t\\t\\\"label\\\": \\\"Azure Backup Server\\\" },\\r\\n{ \\\"value\\\": \\\"Azure Storage (Azure Files) Backup\\\", \\t\\t\\t\\t\\\"label\\\": \\\"Azure Storage (Azure Files) Backup\\\" },\\r\\n{ \\\"value\\\": \\\"Azure Virtual Machine Backup\\\", \\t\\t\\t\\t\\t\\t\\\"label\\\": \\\"Azure Virtual Machine Backup\\\" },\\r\\n{ \\\"value\\\": \\\"DPM\\\", \\t\\t\\t\\t\\t\\t\\\"label\\\": \\\"DPM\\\" },\\r\\n{ \\\"value\\\": \\\"SAP HANA in Azure VM Backup\\\", \\\"label\\\": \\\"SAP HANA in Azure VM Backup\\\" },\\r\\n{ \\\"value\\\": \\\"SQL in Azure VM Backup\\\",     \\\"label\\\": \\\"SQL in Azure VM Backup\\\" },\\r\\n{ \\\"value\\\": \\\"Azure Disk Backup\\\",     \\\"label\\\": \\\"Azure Disk Backup\\\" },\\r\\n{ \\\"value\\\": \\\"Azure Database for PostgreSQL Server Backup\\\",     \\\"label\\\": \\\"Azure Database for PostgreSQL Server Backup\\\" },\\r\\n{ \\\"value\\\": \\\"Azure Blob Backup\\\",     \\\"label\\\": \\\"Azure Blob Backup\\\" }\\r\\n]\"},{\"id\":\"678680e5-76b5-4db8-bbef-5f73942caf2e\",\"version\":\"KqlParameterItem/1.0\",\"name\":\"VaultSubscription\",\"label\":\"Subscription Name\",\"type\":6,\"description\":\"Subscription(s) under which the vault(s) exist\",\"isRequired\":true,\"multiSelect\":true,\"quote\":\"\",\"delimiter\":\",\",\"query\":\"// function Params - Report Filters\\r\\nlet RangeStart = startofday({TimeRange:start});\\r\\nlet RangeEnd = iff(startofday({TimeRange:end}) == startofday(now()) ,startofday({TimeRange:end}) - 1d , startofday({TimeRange:end}));\\r\\nlet VaultSubscriptionList = \\\"*\\\";\\r\\nlet VaultLocationList = \\\"*\\\";\\r\\nlet VaultList = \\\"*\\\";\\r\\nlet VaultTypeList = \\\"*\\\";\\r\\nlet ExcludeLegacyEvent = @\\\"{ExcludeLegacyEvent}\\\";\\r\\nlet BackupSolutionList = @\\\"{DatasourceType}\\\";\\r\\n// function Params - other Filters\\r\\nlet ProtectionInfoList = \\\"*\\\";\\r\\nlet Item_search =  \\\"*;*\\\";\\r\\nlet ItemArray = split(Item_search, \\\";\\\");\\r\\nlet ItemArray_length = array_length(ItemArray);\\r\\nlet BackupInstanceName = iff(ItemArray_length == 2, ItemArray[1], ItemArray[0] );\\r\\nlet DatasourceSetName = iff(ItemArray_length == 2, ItemArray[0], \\\"\\\");\\r\\nlet DisplayAllFields = false;\\r\\n// calling LA System Function\\r\\n_AzureBackup_GetBackupInstances(RangeStart, RangeEnd, VaultSubscriptionList, VaultLocationList, VaultList, VaultTypeList, ExcludeLegacyEvent, BackupSolutionList, ProtectionInfoList, DatasourceSetName, BackupInstanceName, DisplayAllFields)\\r\\n// query to transform function output\\r\\n| distinct VaultSubscriptionId\",\"crossComponentResources\":[\"{Workspaces}\"],\"value\":[\"value::all\"],\"typeSettings\":{\"additionalResourceOptions\":[\"value::all\"],\"selectAllValue\":\"*\",\"showDefault\":false},\"queryType\":0,\"resourceType\":\"microsoft.operationalinsights/workspaces\"},{\"id\":\"2a83acc5-2123-476f-8a4c-da2fddf231a1\",\"version\":\"KqlParameterItem/1.0\",\"name\":\"VaultLocation\",\"label\":\"Vault Location\",\"type\":2,\"description\":\"Location(s) in which the vault(s) were created\",\"isRequired\":true,\"multiSelect\":true,\"quote\":\"\",\"delimiter\":\",\",\"query\":\"// function Params - Report Filters\\r\\nlet RangeStart = startofday({TimeRange:start});\\r\\nlet RangeEnd = iff(startofday({TimeRange:end}) == startofday(now()) ,startofday({TimeRange:end}) - 1d , startofday({TimeRange:end}));\\r\\nlet VaultSubscriptionList = todynamic( replace(\\\"/subscriptions/\\\", \\\"\\\", @\\\"{VaultSubscription}\\\"));\\r\\nlet VaultLocationList = \\\"*\\\";\\r\\nlet VaultList = \\\"*\\\";\\r\\nlet VaultTypeList = \\\"*\\\";\\r\\nlet ExcludeLegacyEvent = @\\\"{ExcludeLegacyEvent}\\\";\\r\\nlet BackupSolutionList = @\\\"{DatasourceType}\\\";\\r\\n// function Params - other Filters\\r\\nlet ProtectionInfoList = \\\"*\\\";\\r\\nlet Item_search =  \\\"*;*\\\";\\r\\nlet ItemArray = split(Item_search, \\\";\\\");\\r\\nlet ItemArray_length = array_length(ItemArray);\\r\\nlet BackupInstanceName = iff(ItemArray_length == 2, ItemArray[1], ItemArray[0] );\\r\\nlet DatasourceSetName = iff(ItemArray_length == 2, ItemArray[0], \\\"\\\");\\r\\nlet DisplayAllFields = false;\\r\\n// calling LA System Function\\r\\n_AzureBackup_GetBackupInstances(RangeStart, RangeEnd, VaultSubscriptionList, VaultLocationList, VaultList, VaultTypeList, ExcludeLegacyEvent, BackupSolutionList, ProtectionInfoList, DatasourceSetName, BackupInstanceName, DisplayAllFields)\\r\\n// query to transform function output\\r\\n| distinct VaultLocation\",\"crossComponentResources\":[\"{Workspaces}\"],\"value\":[\"value::all\"],\"typeSettings\":{\"additionalResourceOptions\":[\"value::all\"],\"selectAllValue\":\"*\",\"showDefault\":false},\"queryType\":0,\"resourceType\":\"microsoft.operationalinsights/workspaces\"},{\"id\":\"fefd31fa-2774-43ca-8cc3-44d477c969f0\",\"version\":\"KqlParameterItem/1.0\",\"name\":\"VaultName\",\"label\":\"Vault Name\",\"type\":2,\"description\":\"Name(s) of the vault(s)\",\"isRequired\":true,\"multiSelect\":true,\"quote\":\"\",\"delimiter\":\",\",\"query\":\"// function Params - Report Filters\\r\\nlet RangeStart = startofday({TimeRange:start});\\r\\nlet RangeEnd = iff(startofday({TimeRange:end}) == startofday(now()) ,startofday({TimeRange:end}) - 1d , startofday({TimeRange:end}));\\r\\nlet VaultSubscriptionList = todynamic( replace(\\\"/subscriptions/\\\", \\\"\\\", @\\\"{VaultSubscription}\\\"));\\r\\nlet VaultLocationList = \\\"*\\\";\\r\\nlet VaultList = \\\"*\\\";\\r\\nlet VaultTypeList = \\\"*\\\";\\r\\nlet ExcludeLegacyEvent = @\\\"{ExcludeLegacyEvent}\\\";\\r\\nlet BackupSolutionList = @\\\"{DatasourceType}\\\";\\r\\n// function Params - other Filters\\r\\nlet ProtectionInfoList = \\\"*\\\";\\r\\nlet Item_search =  \\\"*;*\\\";\\r\\nlet ItemArray = split(Item_search, \\\";\\\");\\r\\nlet ItemArray_length = array_length(ItemArray);\\r\\nlet BackupInstanceName = iff(ItemArray_length == 2, ItemArray[1], ItemArray[0] );\\r\\nlet DatasourceSetName = iff(ItemArray_length == 2, ItemArray[0], \\\"\\\");\\r\\nlet DisplayAllFields = false;\\r\\n// calling LA System Function\\r\\n_AzureBackup_GetBackupInstances(RangeStart, RangeEnd, VaultSubscriptionList, VaultLocationList, VaultList, VaultTypeList, ExcludeLegacyEvent, BackupSolutionList, ProtectionInfoList, DatasourceSetName, BackupInstanceName, DisplayAllFields)\\r\\n// query to transform function output\\r\\n| distinct VaultName\",\"crossComponentResources\":[\"{Workspaces}\"],\"value\":[\"value::all\"],\"typeSettings\":{\"additionalResourceOptions\":[\"value::all\"],\"selectAllValue\":\"*\",\"showDefault\":false},\"queryType\":0,\"resourceType\":\"microsoft.operationalinsights/workspaces\"}],\"style\":\"above\",\"doNotRunWhenHidden\":true,\"queryType\":0,\"resourceType\":\"microsoft.operationalinsights/workspaces\"},\"customWidth\":\"64\",\"conditionalVisibility\":{\"parameterName\":\"Workspaces\",\"comparison\":\"isNotEqualTo\"},\"name\":\"Overview-ReportParameterBlock\",\"styleSettings\":{\"maxWidth\":\"100%\"}},{\"type\":9,\"content\":{\"version\":\"KqlParameterItem/1.0\",\"crossComponentResources\":[\"{Workspaces}\"],\"parameters\":[{\"id\":\"3c5a3e26-bce4-43d9-a22d-e963a0d734af\",\"version\":\"KqlParameterItem/1.0\",\"name\":\"ResourceGroupId\",\"type\":1,\"query\":\"resources | where type==\\\"microsoft.operationalinsights/workspaces\\\" | project name, resourceGroupId=strcat(\\\"/subscriptions/\\\",subscriptionId,\\\"/resourceGroups/\\\",resourceGroup) | where \\\"{Workspaces}\\\" contains name | project resourceGroupId | take 1\",\"crossComponentResources\":[\"{Subscriptions}\"],\"isHiddenWhenLocked\":true,\"queryType\":1,\"resourceType\":\"microsoft.resourcegraph/resources\"},{\"id\":\"897957ad-a946-4b3b-98f0-02008d30ff0f\",\"version\":\"KqlParameterItem/1.0\",\"name\":\"WorkspaceName\",\"type\":1,\"query\":\"resources | where type==\\\"microsoft.operationalinsights/workspaces\\\" \\r\\n| project name, resourceGroupId=strcat(\\\"/subscriptions/\\\",subscriptionId,\\\"/resourceGroups/\\\",resourceGroup) \\r\\n| where \\\"{Workspaces}\\\" contains name \\r\\n| where \\\"{ResourceGroupId}\\\" has resourceGroupId\\r\\n| take 1\\r\\n\",\"crossComponentResources\":[\"{Subscriptions}\"],\"isHiddenWhenLocked\":true,\"queryType\":1,\"resourceType\":\"microsoft.resourcegraph/resources\"},{\"version\":\"KqlParameterItem/1.0\",\"name\":\"WorkspaceResourceGroup\",\"type\":1,\"query\":\"resources | where type==\\\"microsoft.operationalinsights/workspaces\\\" \\r\\n| project name, resourceGroupId=strcat(\\\"/subscriptions/\\\",subscriptionId,\\\"/resourceGroups/\\\",resourceGroup), resourceGroup, subscriptionId \\r\\n| where \\\"{WorkspaceName}\\\" has name \\r\\n| where \\\"{ResourceGroupId}\\\" has resourceGroupId\\r\\n| take 1\\r\\n| project resourceGroup\\r\\n\",\"crossComponentResources\":[\"{Subscriptions}\"],\"isHiddenWhenLocked\":true,\"queryType\":1,\"resourceType\":\"microsoft.resourcegraph/resources\",\"id\":\"75065a95-e81f-470f-805e-427558ee0ea3\"},{\"version\":\"KqlParameterItem/1.0\",\"name\":\"WorkspaceSubscriptionId\",\"type\":1,\"query\":\"resources | where type==\\\"microsoft.operationalinsights/workspaces\\\" \\r\\n| project name, resourceGroupId=strcat(\\\"/subscriptions/\\\",subscriptionId,\\\"/resourceGroups/\\\",resourceGroup), resourceGroup, subscriptionId \\r\\n| where \\\"{WorkspaceName}\\\" has name \\r\\n| where \\\"{ResourceGroupId}\\\" has resourceGroupId\\r\\n| take 1\\r\\n| project subscriptionId\\r\\n\",\"crossComponentResources\":[\"{Subscriptions}\"],\"isHiddenWhenLocked\":true,\"queryType\":1,\"resourceType\":\"microsoft.resourcegraph/resources\",\"id\":\"2581aa73-ab5f-4f2c-82f1-1b4d0f9708ad\"},{\"id\":\"5327529a-bd07-4305-bf65-4b36a3c787b9\",\"version\":\"KqlParameterItem/1.0\",\"name\":\"LogicApp_VaultSubscriptionList\",\"type\":1,\"query\":\"let VaultSubscriptionList = todynamic( replace(\\\"/subscriptions/\\\", \\\"\\\", @\\\"{VaultSubscription}\\\"));\\r\\nprint VaultSubscriptionList\",\"crossComponentResources\":[\"{Workspaces}\"],\"isHiddenWhenLocked\":true,\"queryType\":0,\"resourceType\":\"microsoft.operationalinsights/workspaces\"},{\"id\":\"e404488a-5db7-42ba-9b44-996f1d8cd7b2\",\"version\":\"KqlParameterItem/1.0\",\"name\":\"LogicApp_VaultLocationList\",\"type\":1,\"query\":\"let VaultLocationList = todynamic( @\\\"{VaultLocation}\\\"); \\r\\nprint VaultLocationList\",\"crossComponentResources\":[\"{Workspaces}\"],\"isHiddenWhenLocked\":true,\"queryType\":0,\"resourceType\":\"microsoft.operationalinsights/workspaces\"},{\"id\":\"8005c310-7839-42ff-a3a4-01e5a6c45223\",\"version\":\"KqlParameterItem/1.0\",\"name\":\"LogicApp_VaultList\",\"type\":1,\"query\":\"let VaultList = todynamic( @\\\"{VaultName}\\\"); \\r\\nprint VaultList\",\"crossComponentResources\":[\"{Workspaces}\"],\"isHiddenWhenLocked\":true,\"queryType\":0,\"resourceType\":\"microsoft.operationalinsights/workspaces\"},{\"id\":\"2e3d4cd7-7393-4cc4-ab9e-793311eb291c\",\"version\":\"KqlParameterItem/1.0\",\"name\":\"LogicApp_DatasourceTypeList\",\"type\":1,\"query\":\"let DatasourceTypeList = @\\\"{DatasourceType}\\\";\\r\\nprint DatasourceTypeList\",\"crossComponentResources\":[\"{Workspaces}\"],\"isHiddenWhenLocked\":true,\"queryType\":0,\"resourceType\":\"microsoft.operationalinsights/workspaces\"},{\"id\":\"376631ff-44ae-4824-b470-ac32d82cd4f2\",\"version\":\"KqlParameterItem/1.0\",\"name\":\"LogicApp_ExcludeLegacyEvent\",\"type\":1,\"query\":\"let ExcludeLegacyEvent = @\\\"{ExcludeLegacyEvent}\\\";\\r\\nprint ExcludeLegacyEvent\",\"crossComponentResources\":[\"{Workspaces}\"],\"isHiddenWhenLocked\":true,\"queryType\":0,\"resourceType\":\"microsoft.operationalinsights/workspaces\"},{\"id\":\"5d1a9bc1-34ab-491d-bfa6-f7fc8402f3dc\",\"version\":\"KqlParameterItem/1.0\",\"name\":\"LogicApp_AggregationType\",\"type\":1,\"query\":\"// function Params - Report Filters\\r\\nlet RangeStart = startofday({TimeRange:start});\\r\\nlet RangeEnd = iff(startofday({TimeRange:end}) == startofday(now()) ,startofday({TimeRange:end}) - 1d , startofday({TimeRange:end}));\\r\\nprint AggregationType=iff(datetime_diff('day',RangeEnd,RangeStart)<=30,\\\"Daily\\\",iff(datetime_diff('day',RangeEnd,RangeStart)<=90,\\\"Weekly\\\",\\\"Monthly\\\"))\\r\\n\\r\\n\\r\\n\\r\\n\\r\\n\\r\\n\",\"crossComponentResources\":[\"{Workspaces}\"],\"isHiddenWhenLocked\":true,\"queryType\":0,\"resourceType\":\"microsoft.operationalinsights/workspaces\"},{\"id\":\"892dcb11-ee52-478b-aac2-10892fb837ae\",\"version\":\"KqlParameterItem/1.0\",\"name\":\"LogicApp_TimeRangeInDays\",\"type\":1,\"query\":\"// function Params - Report Filters\\r\\nlet RangeStart = startofday({TimeRange:start});\\r\\nlet RangeEnd = startofday({TimeRange:end});\\r\\nprint TimeRangeInDays = datetime_diff('day',RangeEnd,RangeStart)\\r\\n\\r\\n\",\"crossComponentResources\":[\"{Workspaces}\"],\"isHiddenWhenLocked\":true,\"queryType\":0,\"resourceType\":\"microsoft.operationalinsights/workspaces\"}],\"style\":\"above\",\"queryType\":0,\"resourceType\":\"microsoft.operationalinsights/workspaces\"},\"customWidth\":\"60\",\"conditionalVisibility\":{\"parameterName\":\"Workspaces\",\"comparison\":\"isNotEqualTo\"},\"name\":\"Overview-ReportParameterBlock - Copy\",\"styleSettings\":{\"maxWidth\":\"100%\"}},{\"type\":1,\"content\":{\"json\":\"<span style=\\\"font-size:12px;font-style:italic\\\"> All datetimes are in UTC. Data for the current partial day is not shown in the reports. <a href=\\\"https://aka.ms/AzureBackupReportTimezone\\\" target=\\\"_blank\\\">Learn More</a></span></div>\"},\"conditionalVisibility\":{\"parameterName\":\"Workspaces\",\"comparison\":\"isNotEqualTo\"},\"name\":\"Overview-InstructionText2a\",\"styleSettings\":{\"margin\":\"0% 0% 0% 0%\",\"padding\":\"0% 0% 0% 0%\"}},{\"type\":1,\"content\":{\"json\":\"________________\"},\"conditionalVisibility\":{\"parameterName\":\"TabName\",\"comparison\":\"isEqualTo\",\"value\":\"Overview\"},\"name\":\"Overview-DividingLine2a\"},{\"type\":1,\"content\":{\"json\":\"<div style=\\\"text-align:center;\\\"><span style=\\\"font-size:14px;font-weight:600;\\\"> Welcome to Azure Backup Reports! </span> <br> <br> <span style=\\\"font-size:12px;font-weight:600;\\\"> Select your Workspace(s) and click the Summary Tab above to get started </span> </div>\"},\"conditionalVisibility\":{\"parameterName\":\"TabName\",\"comparison\":\"isEqualTo\",\"value\":\"Overview\"},\"name\":\"Overview-WelcomeText1\"},{\"type\":1,\"content\":{\"json\":\"<div style=\\\"text-align:center;\\\"><span style=\\\"font-size:12px;font-weight:500;\\\"> <u>Salient Features</u> </span>  <span style=\\\"font-size:12px;font-weight:400;\\\"> <br><br>  View reports across workload types, subscriptions and regions <br><br> View reports across your tenants using Azure Lighthouse <br><br> Track and forecast usage both at a vault and backup item level <br><br> Analyze trends on jobs, backup items, policies, and more <br><br> Audit backups and restores for all your backup items\\r\\n</span> <br> </div>\"},\"conditionalVisibility\":{\"parameterName\":\"TabName\",\"comparison\":\"isEqualTo\",\"value\":\"Overview\"},\"name\":\"Overview-WelcomeText2\"},{\"type\":1,\"content\":{\"json\":\"You have vault(s) using **legacy diagnostics settings**. Please use the latest diagnostics settings for all your vaults to make them eligible for reporting upgrades. <a href=\\\"https://aka.ms/AzureBackupUseResourceSpecific\\\" target=\\\"_blank\\\">Learn More</a>\",\"style\":\"warning\"},\"conditionalVisibilities\":[{\"parameterName\":\"TabName\",\"comparison\":\"isNotEqualTo\",\"value\":\"Overview\"},{\"parameterName\":\"VaultsUsingAzureDiagnostics\",\"comparison\":\"isNotEqualTo\",\"value\":\"\"},{\"parameterName\":\"Workspaces\",\"comparison\":\"isNotEqualTo\"}],\"name\":\"ResourceSpecificTextBox2\"},{\"type\":9,\"content\":{\"version\":\"KqlParameterItem/1.0\",\"crossComponentResources\":[\"{Workspaces}\"],\"parameters\":[{\"id\":\"396c89aa-fd11-4736-8eb9-40c10a04be21\",\"version\":\"KqlParameterItem/1.0\",\"name\":\"AggregationType\",\"type\":1,\"query\":\"// function Params - Report Filters\\r\\nlet RangeStart = startofday({TimeRange:start});\\r\\nlet RangeEnd = iff(startofday({TimeRange:end}) == startofday(now()) ,startofday({TimeRange:end}) - 1d , startofday({TimeRange:end}));\\r\\nprint AggregationType=iff(datetime_diff('day',RangeEnd,RangeStart)<=30,\\\"Daily\\\",iff(datetime_diff('day',RangeEnd,RangeStart)<=90,\\\"Weekly\\\",\\\"Monthly\\\"))\\r\\n\\r\\n\",\"crossComponentResources\":[\"{Workspaces}\"],\"isHiddenWhenLocked\":true,\"queryType\":0,\"resourceType\":\"microsoft.operationalinsights/workspaces\"}],\"style\":\"above\",\"queryType\":0,\"resourceType\":\"microsoft.operationalinsights/workspaces\"},\"name\":\"AggregationTypeParam\"},{\"type\":1,\"content\":{\"json\":\"__________________________________________________________________________________________\"},\"conditionalVisibilities\":[{\"parameterName\":\"Workspaces\",\"comparison\":\"isNotEqualTo\"},{\"parameterName\":\"CustomBackupManagementTypeParam\",\"comparison\":\"isNotEqualTo\"}],\"name\":\"Overview-DividingLine2\",\"styleSettings\":{\"padding\":\"0px 0px 10px 0px\"}},{\"type\":1,\"content\":{\"json\":\"_________________\"},\"conditionalVisibilities\":[{\"parameterName\":\"Workspaces\",\"comparison\":\"isNotEqualTo\"},{\"parameterName\":\"DatasourceType\",\"comparison\":\"isNotEqualTo\"}],\"name\":\"text - 73\"},{\"type\":12,\"content\":{\"version\":\"NotebookGroup/1.0\",\"groupType\":\"template\",\"loadFromTemplateId\":\"community-Workbooks/Azure Backup/policyadherence-tab\",\"items\":[]},\"conditionalVisibilities\":[{\"parameterName\":\"TabName\",\"comparison\":\"isEqualTo\",\"value\":\"Policy Adherence\"},{\"parameterName\":\"Workspaces\",\"comparison\":\"isNotEqualTo\"},{\"parameterName\":\"DatasourceType\",\"comparison\":\"isNotEqualTo\"}],\"name\":\"PolicyAdherence-group\"},{\"type\":12,\"content\":{\"version\":\"NotebookGroup/1.0\",\"groupType\":\"template\",\"loadFromTemplateId\":\"community-Workbooks/Azure Backup/policydetails-tab\",\"items\":[]},\"conditionalVisibilities\":[{\"parameterName\":\"TabName\",\"comparison\":\"isEqualTo\",\"value\":\"PolicyDetails\"},{\"parameterName\":\"Workspaces\",\"comparison\":\"isNotEqualTo\"},{\"parameterName\":\"DatasourceType\",\"comparison\":\"isNotEqualTo\"}],\"name\":\"policy-group\"},{\"type\":12,\"content\":{\"version\":\"NotebookGroup/1.0\",\"groupType\":\"template\",\"loadFromTemplateId\":\"community-Workbooks/Azure Backup/jobdistribution-tab\",\"items\":[]},\"conditionalVisibilities\":[{\"parameterName\":\"TabName\",\"comparison\":\"isEqualTo\",\"value\":\"JobDistribution\"},{\"parameterName\":\"Workspaces\",\"comparison\":\"isNotEqualTo\"},{\"parameterName\":\"DatasourceType\",\"comparison\":\"isNotEqualTo\"}],\"name\":\"jobs-group\"},{\"type\":12,\"content\":{\"version\":\"NotebookGroup/1.0\",\"groupType\":\"template\",\"loadFromTemplateId\":\"community-Workbooks/Azure Backup/usage-tab\",\"items\":[]},\"conditionalVisibilities\":[{\"parameterName\":\"TabName\",\"comparison\":\"isEqualTo\",\"value\":\"Usage\"},{\"parameterName\":\"Workspaces\",\"comparison\":\"isNotEqualTo\"},{\"parameterName\":\"DatasourceType\",\"comparison\":\"isNotEqualTo\"}],\"name\":\"usage-group\"},{\"type\":12,\"content\":{\"version\":\"NotebookGroup/1.0\",\"groupType\":\"template\",\"loadFromTemplateId\":\"community-Workbooks/Azure Backup/backupitems-tab\",\"items\":[]},\"conditionalVisibilities\":[{\"parameterName\":\"TabName\",\"comparison\":\"isEqualTo\",\"value\":\"BackupItems\"},{\"parameterName\":\"Workspaces\",\"comparison\":\"isNotEqualTo\"},{\"parameterName\":\"DatasourceType\",\"comparison\":\"isNotEqualTo\"}],\"name\":\"backupitems-group\"},{\"type\":12,\"content\":{\"version\":\"NotebookGroup/1.0\",\"groupType\":\"template\",\"loadFromTemplateId\":\"community-Workbooks/Azure Backup/summary-tab\",\"items\":[]},\"conditionalVisibilities\":[{\"parameterName\":\"TabName\",\"comparison\":\"isEqualTo\",\"value\":\"Summary\"},{\"parameterName\":\"Workspaces\",\"comparison\":\"isNotEqualTo\"},{\"parameterName\":\"DatasourceType\",\"comparison\":\"isNotEqualTo\"}],\"name\":\"summary-group\"},{\"type\":12,\"content\":{\"version\":\"NotebookGroup/1.0\",\"groupType\":\"template\",\"loadType\":\"always\",\"loadFromTemplateId\":\"community-Workbooks/Azure Backup/optimize-tab\",\"items\":[],\"exportParameters\":true},\"conditionalVisibilities\":[{\"parameterName\":\"TabName\",\"comparison\":\"isEqualTo\",\"value\":\"Optimize\"},{\"parameterName\":\"Workspaces\",\"comparison\":\"isNotEqualTo\"},{\"parameterName\":\"DatasourceType\",\"comparison\":\"isNotEqualTo\"}],\"name\":\"Optimize-group\"},{\"type\":12,\"content\":{\"version\":\"NotebookGroup/1.0\",\"groupType\":\"template\",\"loadFromTemplateId\":\"community-Workbooks/Azure Backup/optimize-tab\",\"items\":[]},\"conditionalVisibilities\":[{\"parameterName\":\"TabName\",\"comparison\":\"isEqualTo\",\"value\":\"Email\"},{\"parameterName\":\"Workspaces\",\"comparison\":\"isNotEqualTo\"},{\"parameterName\":\"DatasourceType\",\"comparison\":\"isNotEqualTo\"}],\"name\":\"Email-group\"}],\"isLocked\":false,\"fallbackResourceIds\":[\"/subscriptions/ce6235e3-e4e9-421f-b8a9-def58c04fc17/resourceGroups/pid-aue-cor-arg-management/providers/Microsoft.OperationalInsights/workspaces/pid-aue-cor-law-54aa1dfd\"]}",
        "version": "1.0",
        "sourceId": "[parameters('workbookSourceId')]",
        "category": "[parameters('workbookType')]"
      }
    }
  ],
  "outputs": {
    "workbookId": {
      "type": "string",
      "value": "[resourceId( 'microsoft.insights/workbooks', parameters('workbookId'))]"
    }
  },
  "$schema": "http://schema.management.azure.com/schemas/2015-01-01/deploymentTemplate.json#"
}